judul,penulis,sinopsis
Atomic Habits,James Clear,"Orang mengira ketika Anda ingin mengubah hidup, Anda perlu memikirkan hal-hal besar. Namun pakar kebiasaan terkenal kelas dunia James Clear telah menemukan sebuah cara lain. Ia tahu bahwa perubahan nyata berasal dari efek gabungan ratusan keputusan kecil dari mengerjakan dua push-up sehari, bangun lima menit lebih awal, sampai menahan sebentar hasrat untuk menelepon.

Ia menyebutnya atomic habits.

Ia menyingkap beberapa trik sederhana dalam hidup kita (seni Menumpuk Kebiasaan yang terlupakan, kekuatan tak terduga Aturan Dua Menit, atau trik untuk masuk ke dalam Zona Goldilocks), dan menggali ke dalam teori psikologi dan neurosains paling baru untuk menerangkan mengapa semua itu penting. Dalam rangka itu, ia menceritakan kisah-kisah inspiratif para peraih medali emas Olimpiade, para CEO terkemuka, dan ilmuwan-ilmuwan istimewa yang telah menggunakan sains tentang kebiasaan-kebiasaan kecil untuk tetap produktif, tetap termotivasi, dan bahagia.

Perubahan-perubahan kecil ini akan mendatangkan pengaruh revolusioner pada karier Anda, hubungan pribadi Anda, dan hidup Anda."
Bicara Itu Ada Seninya,Oh Su Hyang,"TAHUKAH ANDA BAHWA BERBICARA ITU ADA SENINYA?

Ketika komunikasi menjadi hal yang penting untuk bersaing, pakar komunikasi Oh Su Hyang mengeluarkan buku yang sangat berarti. Selain berisi tentang pengalaman peningkatan diri, buku ini juga memuat berbagai konten mengenai teknik komunikasi, persuasi, dan negosiasi.

Lalu bagaimana cara berbicara yang baik? Apakah berbicara dengan artikulasi yang jelas? Atau berbicara tanpa mengambil tarikan napas? Tidak! Sebuah ucapan yang bisa disebut baik adalah yang bisa menggetarkan hati. Ucapan seorang juara memiliki daya tarik tersendiri. Ucapan pemandu acara memiliki kemampuan menghidupkan suasana dan kekuatan kalimatnya yang terus terang. Anda harus pandai berbicara untuk menunjukkan diri Anda kepada lawan bicara dalam kehidupan sosial. Orang yang berbicara dengan mahir akan menjadi lebih maju daripada yang lainnya.

Untuk mencapai tujuan komunikasi, persuasi, dan negosiasi, Anda harus mengetahui metode komunikasi yang efisien. Buku ini dijabarkan agar dapat dimengerti oleh siapa saja. Terdapat banyak episode menarik dari orang-orang terkenal dan juga rahasia inti dari komunikasi. Jika Anda membacanya dengan runut, saya yakin rasa percaya diri Anda untuk berbicara pun akan tumbuh dengan sendirinya."
You Do You: Discovering Life through Experiments & Self-Awareness,Fellexandro Ruby,"“Mas, gimana kalau passion gue belum menghasilkan?”
“Mas, apakah lebih baik jadi generalis atau spesialis?”
“Mas, gue pengin bisa ganti haluan karier di bidang yang lain, bisakah?”
“Mas, gue lagi di tengah-tengah quarter-life crisis. Help me.”
“Mas, gue bingung ikigai gue apa.”
“Mas, emang di usia 30 nanti, secara finansial gue udah mesti punya apa aja?”
“Mas, berbagi dong proses lo menuju ke Rp1M pertama.”

I feel you. Gue juga pernah mengalami keresahan yang sama. Faktanya, satu dekade pertama dalam perjalanan karier gue dihabiskan untuk bereksperimen dengan sembilan macam role yang berbeda, sampai akhirnya gue menemukan ikigai.

Sales, petugas lelang, operator alat berat, travel blogger, food photographer, penyanyi, social media manager, product manager di sebuah tech startup, sampai pengusaha pernah gue jalani. Menariknya, semua kegalauan dan pencarian itu mulai terjawab dengan sendirinya ketika gue bisa menjawab pertanyaan: “Who are you?” Ketika gue mengenal diri sendiri, maka pada titik itulah gue menemukan jawaban bahwa “your life (career, business, relationship, and finance) should be an extension of who you are”.

Buku ini nggak ngasih jawaban langsung, tapi ngebantu merefleksi diri, melihat ke dalam, mengurai situasi, supaya lo bisa menemukan sendiri jawaban, kapan pun lo bertemu dengan persimpangan. Let's begin the journey of finding yourself."
BERANI TIDAK DISUKAI,Ichiro Kishimi Dan Fumitake Koga,"membaca buku ini bisa mengubah hidup anda. jutaan orang sudah menarik manfaat darinya. sekarang giliran anda.

Berani Tidak Disukai, yang sudah terjual lebih dari 3,5 juta eksemplar, mengungkap rahasia mengeluarkan kekuatan terpendam yang memungkinkan Anda meraih kebahagiaan yang hakiki dan menjadi sosok yang Anda idam-idamkan.

Apakah kebahagiaan adalah sesuatu yang Anda pilih? Berani Tidak Disukai menyajikan jawabannya secara sederhana dan langsung. Berdasarkan teori Alfred Adler, satu dari tiga psikolog terkemuka abad kesembilan belas selain Freud dan Jung, buku ini mengikuti percakapan yang menggugah antara seorang filsuf dan seorang pemuda. Dalam lima percakapan yang terjalin, sang filsuf membantu muridnya memahami bagaimana masing-masing dari kita mampu menentukan arah hidup kita, bebas dari belenggu trauma masa lalu dan beban ekspektasi orang lain.

Buku yang kaya kebijaksanaan ini akan memandu Anda memahami konsep memaafkan diri sendiri, mencintai diri, dan menyingkirkan hal-hal yang tidak penting dari pikiran. Cara pikir yang membebaskan ini memungkinkan Anda membangun keberanian untuk mengubah dan mengabaikan batasan yang mungkin Anda berlakukan bagi diri Anda."
Sebuah Seni untuk Bersikap Bodo Amat,Mark Manson,"Dalam buku pengembangan diri yang mewakili generasi ini, seorang blogger superstar menunjukkan pada kita bahwa kunci untuk menjadi orang yang lebih kuat, lebih bahagia adalah dengan mengerjakan segala tantangan dengan lebih baik dan berhenti memaksa diri untuk menjadi ""positif"" di setiap saat.

Selama beberapa tahun belakangan, Mark Manson-melalui blognya yang sangat populer-telah membantu mengoreksi harapan-harapan delusional kita, baik mengenai diri kita sendiri maupun dunia. Ia kini menuangkan buah pikirnya yang keren itu di dalam buku hebat ini.

Manson melontarkan argumen bahwa manusia tak sempurna dan terbatas. Begini tulisnya, ""tidak semua orang bisa menjadi luar biasa-ada para pemenang dan pecundang di masyarakat, dan beberapa di antaranya tidak adil dan bukan akibat kesalahan Anda."" Manson mengajak kita untuk mengerti batasan-batasan diri dan menerimanya-baginya, ini adalah sumber kekuatan yang paling nyata.

Tepat saat kita mampu mengakrabi ketakutan, kegagalan, dan ketidakpastian-tepat saat kita berhenti melarikan diri dan mengelak, dan mulai menghadapi kenyataan-kenyataan yang menyakitkan-saat itulah kita bisa mulai menemukan keberanian dan kepercayaan diri yang selama ini kita cari dengan sekuat tenaga.

""Dalam hidup ini, kita hanya punya kepedulian dalam jumlah yang terbatas. Makanya, Anda harus bijaksana dalam menentukan kepedulian Anda."" Manson menciptakan momen perbincangan yang serius dan mendalam, dibungkus dengan cerita-cerita yang menghibur dan ""kekinian"", serta humor yang cadas. Buku ini merupakan tamparan di wajah yang menyegarkan untuk kita semua, supaya kita bisa mulai menjalani kehidupan yang lebih memuaskan, dan apa adanya."
THE THINGS YOU CAN SEE ONLY WHEN YOU SLOW DOWN,Haemin Sunim,"Apakah dunia ini sibuk, atau apakah ini pikiran saya? Dunia bergerak cepat, tetapi itu tidak berarti kita harus melakukannya. Panduan perhatian terlaris ini oleh Haemin Sunim, seorang guru meditasi Buddhis terkenal yang lahir di Korea dan dididik di Amerika Serikat, menerangi jalan menuju kedamaian batin dan keseimbangan di tengah banyaknya tuntutan kehidupan sehari-hari.

Dengan menawarkan petunjuk jalan menuju kesejahteraan dan kebahagiaan di delapan bidang - termasuk hubungan, cinta, dan kerohanian - Haemin Sunim menekankan pentingnya menjalin hubungan yang lebih dalam dengan orang lain dan berbelas kasih serta memaafkan terhadap diri sendiri.

Lebih dari dua puluh ilustrasi penuh warna yang menyertai ajarannya berfungsi sebagai selingan visual yang menenangkan, mendorong kami untuk memperhatikan bahwa ketika Anda melambat, dunia melambat bersama Anda.

The Things You Can See Only When You Slow Down ditulis berdasarkan latar belakang pengalaman Haemin Sunim yang relevan dengan pengalaman masyarakat. Sang penulis tidak memberikan tips dan trik secara langsung, tetapi melalui gagasan dalam rangkaian kalimat yang dapat kita renungkan sendiri jawabannya."
THINK AND GROW RICH,Napoleon Hill,"Think and Grow Rich adalah karya fundamental sang penulis buku sukses legendaris, Napoleon Hill. Buku yang pertama kali diterbitkan tahun 1937 ini sekarang tetap sama ampuhnya—dan akan mengubah kehidupan Anda selamanya.

Bisa dibilang mustahil menemukan motivator yang sama sekali tidak terpengaruh oleh karya Hill. Pengaruhnya bisa dilihat dalam tulisan-tulisan Dale Carnegie dan Norman Vincent Peale. Gaung dari prinsip-prinsip Hill juga bisa ditemukan dalam karya Mary Kay Ash, Ken Blanchard, Jack Canfield dan Mark Victor Hansen, John Gray, Brian Tracy, dan Dennis Waitley. Steven Covey, penulis The Seven Habits of Highly Effective People, sering kali menyampaikan pengaruh Napoleon Hill dalam karyanya. Selain itu, Anthony Robbins, yang boleh jadi merupakan motivator dan penulis buku motivasi paling sukses pada awal abad ke-21, menyebut Napoleon Hill sebagai pahlawannya.

Ciri khas utama edisi asli Think and Grow Rich adalah dalam setiap bab Napoleon Hill mencantumkan contoh-contoh nyata. Hal itu masih dipertahankan dalam edisi ini, dan dilengkapi contoh-contoh baru serta contoh kasus-kasus modern yang bisa dengan jelas mendemonstrasikan bahwa semua prinsip Hill tetap bisa diaplikasikan, dan sampai saat ini masih membimbing orang menuju kesuksesan.

Banyak kiat sukses yang Anda baca di berbagai bestseller lain berasal dari buku ini. Buktikan sendiri!"
Merawat Luka Batin,Dr Jiemi Ardian,"“You are what you think,” begitu kata banyak orang. Padahal, ketika saya berpikir saya kaya, uang dalam rekening saya tidak otomatis bertambah. Akan lebih tepat jika kutipan ini sedikit diubah menjadi “You are how you think”, karena perasaan dan diri kita bergantung pada bagaimana cara kita berpikir.

Buku ini berisi tentang proses berpikir, bukan sekadar berpikir dengan positif. Saat perasaan sedang tidak baik-baik saja, terlebih pada keadaan depresi, proses pikir kita biasanya ikut andil dalam memperburuk keadaan. Namun, sulit bagi kita untuk menyadari proses berpikir yang bermasalah ini karena
kita menganggapnya sebagai cara kita melihat realitas. Menyadari pikiran yang keliru saat hal itu muncul bukanlah hal yang mudah.

Buku ini memuat beberapa pola untuk membentuk cara berpikir yang tepat. Tak hanya orang-orang yang sedang merawat luka batin, para caregiver dan penyintas depresi juga bisa menarik manfaat dari buku ini. Semoga buku ini juga bisa menghapus stigma tentang depresi dan menunjukkan bahwa
gangguan kejiwaan, termasuk depresi, bisa dialami siapa saja."
Start With Why,Scott Belsky,"Start with Why menggunakan contoh dunia nyata untuk menguraikan konsep Lingkaran Emas yang merangkum pentingnya mengidentifikasi tujuan keberadaan organisasi sebelum hal lainnya, kemudian mengambil tindakan untuk membuat visi menjadi kenyataan. Asal mula perusahaan harus menjadi alasannya. Begitu juga dengan kehidupan pribadi kita.

Setiap orang atau organisasi dapat menjelaskan apa yang mereka lakukan; beberapa dapat menjelaskan bagaimana mereka berbeda atau lebih baik; tetapi sangat sedikit yang bisa mengartikulasikan mengapa. MENGAPA bukan tentang uang atau keuntungan, melainkan tentang hasil. MENGAPA adalah hal yang menginspirasi kita dan orangorang di sekitar kita.

Dengan menggunakan kisah Martin Luther King, Jr., Steve Jobs, hingga Wright Brothers, Simon Sinek menunjukkan bahwa para pemimpin yang menginspirasi berpikir, bertindak, dan berkomunikasi dengan cara yang sama—dan itu sangat berlawanan dari apa yang dilakukan kebanyakan orang. Buku ini memberikan kerangka kerja di mana organisasi dapat dibangun, gerakan dapat dipimpin, dan orang-orang dapat terinspirasi—dan semuanya dimulai dengan MENGAPA."
Insecurity Is My Middle Name,Alvi Syahrin,"Isi buku:
1. Kenapa good-loking yang selalu dipilih?
2. Lalu, siapa yamg akan memilihku?
3. Aku juga kayaknya nggak bisa apa-apa deh.
4. Skill apa, ya, yang cocok buat aku? |
5. Tapi, aku harus mulai dari mana, ya?
6. Aku bukan malas, hanya takut gagal lagi.
7. Dan, aku malu, belum bisa banggain orangtua.
8. Dan, aku kalah jauh dari teman-temanku.
9. Jujur, aku iri sama pencapaian mereka.
10. Nggak ada yang bisa dibanggakan dariku. .

tapi, di sinilah kamu, menyentuh buku ini, trying to feel something, trying to be something, dan kamu sudah ada di langkah yang tepat, karena di buku ini, ada 45 bab yang membantumu berdamai
dengan insecunty-mu"
Segala - galanya Ambyar,Mark Manson,"Dari penulis buku laris dunia Sebuah Seni untuk Bersikap Bodo Amat (The Subtle Art of Not Giving a Fuck) lahirlah sebuah pedoman kewarasan untuk menghadapi problem-problem harapan.

Kita hidup dalam zaman yang menarik. Secara material, segalanya tampak sangat baik melebihi zaman-zaman sebelumnya. Meski begitu, entah mengapa segala-galanya tampak kacau balau dan benar-benar ambyar. Apa yang terjadi? Jika ada satu orang yang bisa membantu kita mengenali bencana yang terjadi saat ini dan ikut membantu memberes salah satunya adalah Mark Manson. Dalam Segala-galanya Ambyar, Manson membentangkan segunung penelitian psikologis, juga sederet kebijakan dari beragam filsuf mulai dari Plato hingga Tom Waits, untuk berbicara perihal agama, politik, uang, hiburan, dan juga internet.

Dengan ciri khas gayanya berupa campuran antara penelitian dan humor, Manson menantang kita untuk lebih terbuka dengan diri sendiri, secara jujur menguak definisi tentang keyakinan, kebahagiaan, ke-merdekaan-dan bahkan tentang pengharapan itu sendiri. Salah satu pemikir besar modern ini telah memproduksi satu lagi buku yang akan memperkaya dunia ke depan."
The Alpha Girl`S Guide,Henry Manampiring,"Alpha Female adalah para perempuan yang menginspirasi, memimpin, menggerakkan orang sekitarnya, dan membawa perubahan. Mereka cerdas, percaya diri, dan independen. Bagaimana remaja dan perempuan muda bisa mengembangkan diri menjadi mereka?

Buku ini adalah hasil pengamatan, riset artikel, wawancara langsung, dan diskusi dengan banyak perempuan di media sosial. Ditulis dengan ringan, penuh ilustrasi kocak, tetapi tetap blak-blakan menohok,The Alpha Girl’s Guide akan membuat kamu terinspirasi menjadi cewek smart, independen dan bebas galau!

The Alpha Girl’s Guide juga berisi wawancara inspiratif dengan dua Alpha Female Indonesia dari dua generasi: Najwa Shihab dan Alanda Kariza"
Nunchi: Seni Membaca Pikiran dan Perasaan Orang Lain,Euny Hong,"Nunchi, indra keenam orang Korea untuk membaca keadaan dan memahami apa yang dipikirkan dan dirasakan orang lain, telah dipraktikkan selama lebih dari 5.000 tahun dan diyakini telah melambungkan Korea dari salah satu negara termiskin menjadi salah satu negara paling maju di dunia. Para orangtua di Korea percaya bahwa mengajarkan nunchi pada anak mereka sama pentingnya dengan mengajari anak mereka menyeberang jalan dengan selamat. Nunchi adalah suatu bentuk kecerdasan emosional yang dapat dipelajari siapa pun. Yang kita butuhkan hanyalah mata dan telinga untuk memperhatikan orang lain, bukan menonjolkan diri sendiri. Buku ini akan menunjukkan caranya."
The Power Of Habit,Charles Duhigg,"Kebiasaan adalah Rahasia Keberhasilan.

Travis, seorang pemuda broken home dengan orang tua pecandu obat, berkali-kali dipecat dari pekerjaan karena tidak bisa mengendalikan emosi. Namun sesudah menjalani pelatihan pegawai Starbucks yang mengajarkan kekuatan tekad, Travis kini sukses menjadi manajer dua cabang kafe terkenal itu.

Seorang CEO baru memegang salah satu perusahaan raksasa Amerika. Perintah pertamanya adalah menumbuhkan kepedulian keselamatan kerja-dan hasilnya saham perusahaan itu, Alcoa, menjadi salah satu yang berkinerja terbaik di Dow Jones.

Dari bangun sampai tidur, ketika berjalan, bekerja, makan, bersantai, hidup kita tak lepas dari kebiasaan. Organisasi dan perusahaan pun memiliki kebiasaan. Kebiasaan bisa mendatangkan keuntungan maupun kerugian—bagi diri kita, orang lain, maupun masyarakat.

The Power of Habit mengungkapkan temuan ilmiah terbaru yang menjelaskan mengapa kebiasaan ada, apa unsur-unsurnya, dan bagaimana cara kita dapat mengubah kebiasaan pribadi, organisasi, maupun komunitas. Memahami dahsyatnya kebiasaan berarti memahami sebagian hakikat manusia dan potensi keberhasilan dari kebiasaan yang tepat."
"Seni Berbicara kepada Siapa Saja, Kapan Saja, dan di Mana Saja",Larry King,"“Salah satu hal yang saya pelajari adalah tidak ada orang yang tidak bisa diajak bicara bila kita memiliki sifat yang tepat. Setelah membaca buku ini, Anda akan mampu mengikuti segala percakapan dengan penuh keyakinan, dan Anda akan tahu cara menyampaikan pesan dengan efektif, dalam situasi apapun. Anda akan dapat bicara
dengan lebih baik dan lebih menikmatinya. Mulailah sekarang juga dan jadilah pembicara yang memesona!” —Larry King

Sebagian hal yang akan Anda temukan dalam Seni Berbicara kepada Siapa Saja, Kapan Saja, di Mana Saja:
• Kunci sukses bicara dengan orang yang belum dikenal
• Rahasia sukses pidato dan presentasi
• Cara jitu menyampaikan berita buruk
• Kiat mengatasi rasa malu dan membuat orang lain merasa nyaman
• Rahasia tampil memesona dengan humor
• Apa yang harus dikatakan dalam wawancara pekerjaan
• Tiga kunci menuju pembicaraan bisnis yang sukses
• Delapan hal yang dimiliki para pembicara terbaik
• Kiat bicara efektif di panggung politik
• Trik menghadapi media massa
• Kunci sukses tampil di radio dan TV
• Seni mengelak"
GRIT: KEKUATAN PASSION DAN KEGIGIHAN,Angela Duckworth,"Mengapa orang yang punya bakat alami sering gagal mencapai potensi mereka sementara orang lain yang tidak terlalu berbakat bisa menggapai hal-hal yang menakjubkan?

Dalam buku yang harus dibaca oleh siapa saja yang ingin sukses ini, Angela Duckworth–seorang psikolog perintis– menunjukkan bahwa rahasia untuk pencapaian yang luar biasa bukanlah bakat, tetapi perpaduan istimewa antara hasrat (passion) dan kegigihan (perseverance) yang ia sebut “ketabahan” (grit).

Berdasarkan penelitian, wawancara dengan orang-orang yang berprestasi tinggi, serta pengalamannya sendiri, Duckworth menunjukkan bahwa kecenderungan kita untuk terpaku pada bakat alami itu salah: dari segi pencapaian, yang lebih penting adalah usaha yang kita lakukan dan reaksi kita terhadap hambatan. Kemudian, ia menjelaskan bahwa ketabahan bisa dipelajari sekaligus menawarkan rumusan baru kesuksesan individu maupun kesuksesan kolektif."
WHAT`S SO WRONG ABOUT YOUR SELF HEALING,Ardhi Mohamad,"Selain kamu dapat buku What’s So Wrong About Your Self Healing, Apa aja yang salah dalam proses self-healing kita, itu yang bakal dibahas di buku ini. Akhir-akhir ini kita selalu mencari cara untuk self-healing, tapi, seringkali, maju-mundur, masih down lagi, putus asa lagi, bahkan kadang sampai stuck, nggak tahu harus bagaimana lagi mengusir rasa kesepian, kecemasan, serta kesedihan yang berkepanjangan, berdamai dengan luka dan trauma yang masih menyisa, bagaimana merasa utuh ketika diri ini banyak kekurangan dan kegagalan. Dari semua sarana self-healing yang kamu lakukan, buku ini perlu jadi sarana self-healing kamu."
Tak Mungkin Membuat Semua Orang Senang,Jeong Moon Jeong,"Dalam hidup, kita pasti akan berhadapan dengan orang-orang yang kelewat batas. Mereka menyakiti kita, mempermalukan kita, dan mengguncangkan kepercayaan diri kita. Hal-hal seperti itu sangat sulit diterima. Hubungan antar manusia kerap membutuhkan terlalu banyak usaha. Kita ingin mengatakan apa yang sebenarnya kita rasakan, tetapi kita tidak melakukannya karena takut orang lain salah paham dan takut dianggap egois. Apakah kita bisa memberitahu seseorang. tanpa merasa tidak enak hati. Bahwa sikapnya sudah kelewat batas? Tentu saja bisa. Kita hanya perlu banyak berlatih untuk bersikap seperti di bawah ini:

• Semua orang hidup dengan luka hati mereka sendiri
• Tidak perlu menjawab semua pertanyaan
• Memangnya kenapa kalau kita menjadi orang yang tidak berguna?
• Tidak perlu memaksa diri agar diterima orang lain
• Dunia akan terasa lebih baik jika kita tidak bersikap pasrah
• Belajar menolak dengan tegas dan berkelas
• Membiasakan diri tidak terpengaruh komentar negatif
• Tidak sakit hati gara-gara kritik negatif
• Ada baiknya bersikap sedikit gila
• Menghadapi orang yang kelewat batas dengan senyum
• Ada kalanya kita tidak perlu berusaha
• Bersikap masa bodoh"
Love for Imperfect Things,Haemin Sunim,"Tidak ada yang sempurna di dunia ini, dan itu bukan alasan bagi kita untuk menghindari cinta kepada dunia, kepada sesama manusia, bahkan kepada diri sendiri. Lewat buku ini, guru Buddhis Haemin Sunim membagikan kisah pribadi dan pengalaman selama bertahun-tahun membantu sesama untuk mengajarkan kita seni merawat diri. Ketika kita memperlakukan diri sendiri dengan penuh kasih sayang, empati, dan pengampunan, kita juga belajar memperlakukan orang lain dengan yang sama; membuat kita bisa menjalin hubungan hubungan yang lebih dalam dengan orang lain, bangkit dari keterpurukan, menghadapi rasa sakit dan sedih, mendengarkan dengan lebih saksama, mengekspresikan diri, dan memiliki keberanian untuk mengejar hal yang membahagiakan diri sehingga kita merasa lengkap.

Love for imperfect things menawarkan kenyamanan batin, dorongan semangat, dan kebijaksanaan sehingga kita bisa belajar mencintai diri kita, hidup kita, dan semua orang yang ada di dalamnya."
The 5 AM Club : Bangun Rutinitas Pagi Untuk Level Up Hidupmu!,Robin Sharma,"Kenapa Anda harus bangun jam lima pagi?

Bangun pagi bukan saja bermanfaat untuk kesehatan, tetapi juga dapat mendorong produktivitas. Periode fajar di pagi hari adalah saat yang paling damai dan tenang sehingga akan membebaskan kita dari gangguan. Selain itu, di waktu ini otak sedang berada pada kondisi optimalnya.

Dalam The 5AM Club', Robin Sharma membeberkan rahasia-rahasia di balik rutinitas pagi yang berhasil membantu klien-kliennya, yang merupakan miliarder, superstar, olahragawan, selebriti, hingga CEO, menjadi orang produktif dan sukses.

Temukan metode-metode menarik dari rutinitas pagi para orang sukses, pelajari formula rahasia rutinitas pagi mereka, dan Anda pun siap untuk menjadi orang produktif serta sukses berikutnya."
Hidup Damai Tanpa Berpikir Berlebihan,"Tsuneko Nakamura, Hiromi Okuda","Terlalu banyak tuntutan untuk melakukan ‘ini’ dan ‘itu’ sering kali membuat kita kewalahan. Beberapa tuntutan membutuhkan kesabaran sampai batas tertentu dan membuat kita dibebani pikiran yang berlebihan.

Dalam buku laris dari Jepang yang telah diterbitkan di beberapa negara ini, Dokter Tsuneko Nakamura—seorang psikiater yang berkarier selama hampir 70 tahun—berpendapat bahwa solusinya ada pada bagaimana kita mengkompromikan perasaan dengan kenyataan.

Cara hidupnya memiliki kebiasaan melakukan hal baik dimulai sejak dari pikiran yang membuat kita dapat menerima diri apa adanya ini sangat bermanfaat bagi kesehatan fisik dan psikis untuk meraih kehidupan yang berkualitas. Berikut beberapa di antara pendapatnya:

• Tugas kita di malam hari adalah tidur nyenyak.
• Terima hal-hal kecil, dan kebaikan kecil akan menyebar.
• Akan lebih bahagia jika kita tidak berpikir harus bahagia.
• Menyerah bisa juga berarti memperjelas jalan hidup kita.
• Pilih mana yang harus dipikirkan saat ini dan mana yang tidak.
• Saat fisik dan hati sedang lelah, jangan melakukan sesuatu yang menambah beban.
• Jalin hubungan yang memungkinkan kita nyaman memperlihatkan kelemahan kita.
• Memahami sifat diri tentang apa yang disukai atau tidak lebih penting daripada membangun rasa percaya diri."
Jangan Membuat Masalah Kecil Jadi Masalah Besar,Richard Carlson,"Banyak hal dalam hidup ini yang sebenarnya hanya masalah kecil, tapi kita memperlakukannya sebagai masalah besar. Sebenarnya, dengan membentuk perspektif baru bahwa masalah-masalah itu memang kecil, kita akan mempunyai lebih banyak waktu untuk memikirkan hal-hal yang benar-benar merupakan masalah besar.

Dengan gaya tulisan yang mudah dipahami, buku ini menyajikan cara-cara membentuk perspektif yang lebih positif tersebut sehingga kita akan belajar untuk berdamai dengan diri sendiri dan lebih peduli. Hidup kita akan lebih terfokus pasa masa kini, hubungan kita dengan orang lain akan menjadi lebih baik, dan batin kita akan menjadi lebih tenang.

- Berdamailah dengan ketidaksempurnaan
- Jangan menginterupsi atau memutus kalimat orang lain
- Berbuat baiklah kepada orang lain dan jangan ceritakan hal itu kepada siapa pun
- Jadilah pendengar yang baik
- Jangan lupa, ”hidup bukanlah keadaan gawat darurat”
- Tahan keinginan untuk cepat-cepat melontarkan kritik
- Tetaplah merasa nyaman meskipun tidak mengetahui sesuatu
- Berhentilah menyalahkan orang lain
- Isilah hidup dengan kasih sayang
- Percayailah intuisi kita"
"Men Are from Mars, Women Are from Venus",John Gray,"Dahulu kala, orang Mars berjumpa dengan orang Venus. Mereka jatuh cinta dan menjalin hubungan yang membahagiakan karena mereka saling menghormati dan menerima perbedaan-perbedaan mereka. Kemudian
mereka tiba di Bumi dan mulai menderita amnesia. Mereka lupa bahwa mereka berasal dari planet yang berlainan.

Dengan kiasan ini sebagai ilustrasi pertengkaran yang umum terjadi antara pria dan wanita, Dr. John Gray menjelaskan alasan munculnya perbedaan antara kedua jenis kelamin itu yang mengganggu terciptanya hubungan cinta yang saling melengkapi. Berdasarkan keberhasilannya memberi bimbingan selama bertahun-tahun terhadap pasangan suami istri dan perorangan, ia memberi nasihat mengenai cara mengatasi perbedaan dalam gaya berkomunikasi, kebutuhan emosional, dan perilaku untuk meningkatkan pemahaman yang lebih besar antara masing-masing pasangan.

Men Are from Mars, Women Are from Venus merupakan sarana untuk mengembangkan hubungan yang lebih mendalam dan lebih memuaskan."
Alasan untuk Tetap Hidup: Melawan Depresi dan Berdamai dengan Diri Sendiri,Matt Haig,"Apa rasanya menjadi orang yang mengalami gangguan kecemasan atau depresi? Ada dorongan yang membanjiri perasaan dan pikiran mereka sampai-sampai tubuh fisiknya pun ikut sakit. Bahkan, tak sedikit dari mereka yang akhirnya memutuskan untuk bunuh diri.

Matt Haig pernah berada di titik itu. Ia pernah mencoba bunuh diri di pinggir tebing ketika berusia 24 tahun. Serangan panik yang bertubi-tubi dan harapan yang tak lagi terlihat membuatnya berpikir bahwa mengakhiri segalanya adalah hal terbaik. Tetapi, pada langkah terakhir, ia berhenti dan mengurungkan niatnya.

Sampai sekarang, ia menjadi bukti bahwa gangguan kecemasan dan depresi bisa diatasi. Melalui buku ini, Matt Haig akan membagikan pengalamannya, mulai dari gejala depresi, rasanya mendapat serangan panik, hingga apa yang membuatnya bertahan hidup hingga hari ini. Kita akan menyelami apa yang para penderita depresi rasakan dan bagaimana cara membantu mereka (atau bahkan diri sendiri) menjadi lebih baik."
"Goodbye, Things: Hidup Minimalis ala Orang Jepang",Fumio Sasaki,"Fumio Sasaki bukan ahli dalam hal minimalisme; ia hanya pria biasa yang mudah tertekan di tempat kerja, tidak percaya diri, dan terus-menerus membandingkan diri dengan orang lain—sampai suatu hari, ia memutuskan untuk mengubah hidupnya dengan mengurangi barang yang ia miliki. Manfaat luar biasa langsung ia rasakan: tanpa semua “barangnya”, Sasaki akhirnya merasakan kebebasan sejati, kedamaian pikiran, dan penghargaan terhadap momen saat ini.

Di buku ini, Sasaki secara sederhana berbagi pengalaman hidup minimalisnya, menawarkan tips khusus untuk proses hidup minimalis, dan mengungkapkan fakta bahwa menjadi minimalis tidak hanya akan mengubah kamar atau rumah Anda, tapi juga benar-benar memperkaya hidup Anda. Manfaat hidup minimalis bisa dinikmati oleh siapa pun, dan definisi Sasaki tentang kebahagiaan sejati akan membuka mata Anda terhadap apa yang bisa dihadirkan oleh hidup
minimalis."
"Love Talk 1.0 - Single, Dating and Everthing in between Tim Pakpahan & Chelsea Tjandra",Timothy Pakpahan,"Kamu pasti sering kan ngeliat foto-foto atau video di social media dengan hashtag #relationshipgoals? Keliatannya indah banget gak sih… Seakan-akan relationship mereka bebas dari masalah, seru dan romantis. Dan gak heran kok kalau kamu mulai berpikir “Mau dong punya relationship kayak gitu!”. Sayangnya… kita gampang ketipu sama apa yang kita liat di sosmed. Bukan karena yang ngepost #relationshipgoals itu menipu, tapi karena apa yang kita liat di sosmed itu sebenernya hanya sebagian kecil dari relationship mereka yang sebenernya. Tapi jangan khawatir, karena hubungan yang sebenernya bisa menjadi jauh lebih indah dari apa yang kamu liat di sosmed. Bebas dari masalah? Gak mungkin. Tapi indah,
intim dan seru? Mungkin banget!

Kita berharap buku ini bisa menjadi jawaban untuk beberapa pertanyaan yang mungkin ada di pikiran kamu saat ini, seperti:
• Salah gak sih kalau aku mau cepet-cepet punya pacar?
• Gimana sih cara komunikasi yang baik sama pacar?
• Hubungan yang sehat itu seperti apa sih?
• Kenapa ya kadang aku merasa gak dikasihi dalam hubungan ini?
• Bagaimana sih cara menghadapi konflik dengan sehat?
• Apakah dia orang yang tepat? Apakah aku harus lanjut atau putus?

Dalam buku ini, Tim & Chels menceritakan pengalaman mereka dan pengalaman orang-orang terdekat mereka, yang telah mengajarkan mereka kunci-kunci penting dalam membangun hubungan yang sehat dan menyenangkan. Inget, kita semua layak untuk memiliki hubungan yang sehat, kita semua layak untuk memiliki seseorang yang bisa menghargai dan mengasihi kita."
Things Left Behind: Hal-Hal yang Kita Pelajari dari Mereka yang Telah Tiada,Kim Sae Byoul,"Apakah yang akan terjadi setelah kita mati?
Bagaimanakah kisah sesungguhnya di balik kematian seseorang?
Sungguhkah kesepian bisa membuat orang kehilangan semangat hidup?

Buku ini mengungkap beragam kisah nyata di balik kematian yang diceritakan
oleh seorang pengurus barang-barang peninggalan orang yang sudah meninggal, baik yang meninggal karena sebab natural maupun tidak. Saat diminta membersihkan barang milik orang yang telah meninggal, terkadang ditemui kasus-kasus mengejutkan, seperti orang tua yang meninggal tanpa diketahui orang lain dan jenazahnya baru ditemukan berminggu-minggu kemudian.

Ditulis dengan jernih dan menyentuh, buku yang mengilhami K-drama Move
to Heaven ini menggabungkan pengalaman pribadi dan renungan personal
dengan bahasa yang mengalir dan enak dibaca.

Inilah buku menarik yang akan membuat pembaca menangis terharu, sekaligus menyadarkan kita akan hal-hal penting yang selama ini luput dari perhatian, antara lain betapa berharganya kehidupan, keluarga, kasih sayang, dan persahabatan."
Empowered ME (Mother Empowers): Ibu Berdaya Dimulai dari Diri Sendiri,Puty Puar,"Perempuan berdaya bisa diartikan sebagai perempuan yang memiliki kekuatan/kemampuan memilih atau mengambil keputusan untuk hidupnya sendiri.

Setelah menjadi ibu, tidak sedikit perempuan yang merasa kewalahan dengan adanya tambahan peran dalam hidupnya. Berbagai ekspektasi yang terbentuk di masyarakat dan hadir setiap saat melalui media sosial kerap membuat ibu semakin sulit memahami dirinya sendiri. Padahal pemahaman akan diri sendiri, peran, dan tujuan adalah dasar dari kepercayaan diri dalam pengambilan keputusan.

Ketika seorang ibu berdaya; merasa kuat, dan percaya diri akan pilihan hidupnya, ini akan menciptakan dampak positif bukan hanya bagi dirinya, tapi juga keluarga dan masyarakat; termasuk para perempuan di sekelilingnya.

Buku berilustrasi ini diharapkan bisa menjadi teman bagi para perempuan termasuk ibu-ibu untuk lebih memahami dan memercayai diri serta menghargai proses bertumbuh dalam hidup. Terdapat pula beberapa templat yang dapat mengarahkan penyusunan prioritas, pengukuran kemajuan, dan refleksi diri."
A Teen’s Guide to Self-Discovery,Naura Ayu,"Memasuki masa remaja, ada banyak perubahan yang kita alami. Ada serunya, tapi ada juga yang bikin bingung dan sedih. Thats why I decided to make this book. Pertanyaan dan curhatan soal permasalahan remaja yang Teman Naura kirimkan selama ini aku kumpulkan dan rangkum dalam buku keenamku. Aku juga share pengalaman dan kasih masukan buat problem yang kalian alami. I want to be one of your support systems! Oh ya, aku juga dibantu psikolog, Kak Saskhya, yang saran-sarannya pasti berguna banget buat kita.

Being a teenager is hard as it can be, but lets make the most out of it! Together we can be our best self and through it all!"
Tak Apa-Apa Tak Sempurna,Brene Brown,"Di dalam buku terlaris menurut New York Times yang mengguncang ini, Dr. Brené Brown mengajak kita untuk belajar menerima diri apa adanya, tidak terlalu mencemaskan “apa yang orang lain pikirkan” tentang diri kita, sehingga kita bisa lebih mencintai diri sendiri apa adanya. Tidak apa-apa jika kita tidak sempurna. Dia mengajari cara untuk menjalani hidup dengan sepenuh hati, dengan merangkul kerapuhan dan kerentanan kita, serta menumbuhkan keberanian, belas kasih, dan keterhubungan.

Menjalani sepuluh pilar petunjuk kekuatan hidup dengan Sepenuh Hati—sebuah cara yang ditawarkan oleh Dr. Brené Brown untuk terlibat dengan dunia —akan membuat kita menjadi lebih sehat, lebih bahagia, dan lebih bersyukur."
Loving The Wounded Soul,Regis Machdy,"Depresi adalah penyakit yang sangat mengganggu, bahkan dapat memunculkan keinginan untuk mengakhiri hidup bagi yang mengalaminya. Di tengah pergulatan orang dengan depresi, banyak stigma yang melabeli sehingga mereka kesulitan untuk mendapatkan pertolongan. Regis, sebagai salah satu penyintas depresi dan akademisi psikologi, akan mengungkap apa itu depresi dan mengapa depresi rentan dialami manusia abad ini.

Buku Loving the Wounded Soul membahas depresi secara komprehensif, mulai dari aspek klinis dan budaya, faktor internal dan eksternal, serta higher meaning dari kehadiran depresi itu sendiri. Tak hanya menjadi pedoman bagi orang dengan depresi, buku ini juga penting bagi pendamping dan siapa saja yang ingin memahami kompleksitas jiwa sekaligus menemukan makna sejati kehidupan."
Blink : Kemampuan berpikir tanpa berpikir,Malcolm Gladwell,"Blink adalah buku mengenai dua detik pertama yang sangat menentukan ketika kita mengamati sesuatu—dua detik yang akan memberikan pemahaman dalam sekejap mata, yang terbentuk berkat pilihan-pilihan yang muncul dari “komputer internal” kita, alias kemampuan bawah sadar. Kemampuan inilah yang oleh Malcolm Gladwell disebut “kemampuan berpikir tanpa berpikir”, ketika keputusan sekejap bisa didapat dari informasi yang sedikit tapi akurat melalui snap judgment dan thin slicing.

Dalam Blink, kita akan melihat contoh-contoh menakjubkan kehebatan snap judgment dan thin slicing. Pakar benda seni yang mengenali barang antik palsu dalam sekali lihat, ahli cicip makanan yang mampu membedakan keripik mana adalah buatan pabrik mana dalam sekali gigit, atau gelas mana yang berisi Pepsi dan gelas mana yang berisi Coca-Cola dalam sekali sesap.

Buku ini juga memberikan gambaran betapa berbahayanya membuat kesimpulan cepat: pemasar bisa memanipulasi kesan pertama konsumen, polisi bisa saja menembak mati seseorang yang tak bersalah, dan pemilih
dalam pemilu bisa saja memilih calon presiden yang tampan tapi ternyata tidak mampu bekerja.

Blink menyingkapkan bahwa orang yang pandai mengambil keputusan yang tepat bukanlah orang yang memproses paling banyak informasi atau yang sengaja menghabiskan waktu paling lama, tapi orang yang telah
melatih diri untuk menyempurnakan seni membuat cuplikan tipis—thin slicing—yaitu menyaring sesedikit mungkin faktor terpenting dari sejumlah kemungkinan yang menggunung"
Seni Hidup Minimalis,Francine Jay,"Pernahkah Anda menatap semua barang yang Anda beli, warisi, atau terima di rumah, dan merasa pengap, bukannya senang?

Apakah Anda mengalami kesulitan mengatasi utang kartu kredit, bahkan tidak ingat lagi apa saja yang telah Anda beli?

Pernahkah Anda berharap ada angin kencang yang meniup semua kekacauan di rumah agar Anda bisa memulai lembaran baru?

Buku ini bisa menjadi penyelamat Anda!

Bagian pertama buku ini akan menumbuhkan pola pikir minimalis. Bagian kedua berisi metode STREAMLINE—satu dari sepuluh teknik paling efektif untuk menjaga rumah tetap rapi. Bagian ketiga mengajak Anda menggunakan langkah-langkah khusus untuk menangani setiap ruangan di rumah. Di bagian keempat, Anda akan melihat bagaimana konsep minimalis membuat kita lebih ramah lingkungan sehingga mampu melestarikan Bumi untuk generasi berikutnya."
Loneliness Is My Best Friend,Alvi Syahrin,"Dan di sinilah kamu, menyentuh buku ini, sendiri saja, trying to feel something, trying to find a friend, dan kamu sudah ada di langkah yang tepat karena dengan buku ini akan membantumu berdamai dengan rasa sepi.
Isi buku:
Jujur, aku merasa nggak punya teman.
Aku cuma butuh teman cerita, satu aja.
Sekarang, aku seseorang tanpa circle.
Aku selalu jadi opsi kedua di hidup orang.
Latihan berteman dengan diri sendiri.
Jadi dewasa itu sepi, ya.
Keluargaku nggak sehangat keluarga lain.
Kayaknya, nggak ada yang sayang sama aku.
Aku nggak pernah punya kisah cinta.
Cara paling ampuh berdamai dengan kesepian"
The Power Of Now: Pedoman Menuju Pencerahan Spiritual,Eckhart Tolle,"“The Power of Now adalah buku wajib baca bagi siapa saja yang mencari spiritualitas modern. Bacaan penting bagi siapa saja yang begitu terbebani oleh masa lalu atau sangat takut menghadapi masa depan.”
—Red

“Salah satu naskah yang paling jelas dan paling dapat diakses tentang menjadi lebih hadir yang pernah kami lihat”
—Kindred Spirit

Eckhart Tolle, seorang penulis yang sangat sukses, akan membimbing kita melalui perjalanan yang menantang, tetapi memberikan kepuasan luar biasa dalam perjalanan menemukan The Power of Now. Kita akan mendapati bahwa kita bisa menemukan jalan keluar dari kepedihan psikologis; bahwa kekuatan manusia yang sejati dapat ditemukan dalam penyerahan diri terhadap Saat Sekarang; bahwa keheningan dan ruang di sekitar kita merupakan salah satu kunci untuk memasuki kedamaian batin. Dalam Saat Sekarang, pada saat ini, masalah tidak hadir. Dalam Saat Sekarang, kita akan mendapati bahwa kita telah lengkap dan sempurna.

Eckhart Tolle dilahirkan di Jerman, tamat dari The University of London dan bekerja di Cambridge University. Ketika ia berusia 29 tahun, sebuah transformasi spiritual yang mendalam benar-benar melenyapkan identitas lamanya dan mengubah arah hidupnya secara radikal. Sekarang ia berkarya sebagai penasihat dan guru spiritual.

"
Ketika Aku Tak Tahu Apa Yang Aku Inginkan,Jeon Seunghwan,"Apa yang benar-benar aku inginkan? Apakah aku sudah hidup dengan benar? Bagaimana aku harus menjalani hidup ke depannya?
Kehidupan laksana rangkaian pertanyaan yang tiada berakhir.
Menemukan jawabannya dengan kekuatan sendiri tidaklah mudah.

• Mengapa hatiku selalu merasa sepi dan hampa?
• Mengapa bertemu orang lain menjadi hal yang melelahkan?
• Mengapa aku tidak merasa bahagia padahal sudah menjalani hidup dengan sebaik-baiknya?
• Apakah hidup tanpa jiwa seperti ini bisa disebut kehidupan?

Kalau pertanyaan-pertanyaan seperti itu terus berputar di kepala, kita jadi kelelahan dan kehilangan semangat melakukan segala hal. Kita jadi bisa sering menangis tiba-tiba. Tangisan itu muncul dari luapan emosi kita yang terpendam ketika menjalani hari-hari yang sibuk—tak punya waktu untuk menenangkan hati dan tubuh yang letih atau memikirkan jawaban atas pertanyaan-pertanyaan tersebut.

Dalam tujuh tahun terakhir, penulis buku ini membagikan berbagai kalimat baik melalui berbagai aktivitas di “thebookman” melalui media seperti Facebook dan Kakao Story. Banyak orang dari berbagai generasi, pekerjaan, dan gender merasa terinspirasi dan mengatakan tulisan tersebut bagaikan “kalimat yang mengerti isi pikiran saya”."
How to Win Friends and Influence People: Edisi yang Diperbarui,Dale Carnegie,"Anda bisa mengejar pekerjaan yang Anda inginkan… dan mendapatkannya! Anda bisa memiliki pekerjaan idaman… dan meningkatkannya! Anda bisa menghadapi situasi apa pun.. dan memaksimalkannya!

Nasihat-nasihat Dale Carnegie yang teruji waktu telah membawa tak terhitung banyaknya orang mendaki tangga kesuksesan dalam kehidupan pribadi dan bisnis. Salah satu buku terlaris sepanjang masa yang menjadi landasan buku-buku laris lainnya, How to Win Friends & Influence People, akan memberi Anda:

• 6 cara untuk membuat orang menyukai Anda

• 12 cara untuk membuat orang menerima pemikiran Anda

• 9 cara untuk mengubah orang tanpa membuat mereka kesal

Dan lebih banyak lagi! Raih potensi maksimal Anda dengan buku wajib baca di abad ke-21 ini, yang sudah terjual puluhan juta eksemplar!"
I Want To Die But I Want To Eat Tteokpokki,Baek Se Hee,"Aku: Bagaimana caranya agar bisa mengubah pikiran bahwa saya ini standar dan biasa saja?
Psikiater: Memangnya hal itu merupakan masalah yang harus diperbaiki?
Aku: Iya, karena saya ingin mencintai diri saya sendiri.

I Want to Die bit I Want to Eat Tteokpokki adalah esai yang berisi tentang pertanyaan, penilaian, saran, nasihat, dan evaluasi diri yang bertujuan agar pembaca bisa menerima dan mencintai diri sendiri.

Buku self improvement ini mendapatkan sambutan baik karena pembaca merasakan hal yang sama dengan kisah Baek Se Hee sehingga buku ini mendapatkan predikat bestseller di Korea Selatan."
Think Again: Kekuatan Mengetahui Apa yang Tidak Diketahui,Adam Grant,"Adam Grant, penulis buku Originals, meneliti seni kritis berpikir ulang: belajar mempertanyakan pendapat Anda dan membuka pikiran orang lain, supaya Anda unggul di tempat kerja dan bijaksana dalam hidup.

Kecerdasan biasanya dilihat sebagai kemampuan untuk berpikir dan belajar, tetapi di dunia yang berubah dengan cepat, ada seperangkat keterampilan kognitif lain yang mungkin lebih penting: kemampuan memikirkan kembali dan melupakan. Dalam kehidupan sehari-hari, kita lebih menyukai kepastian yang nyaman dibanding keraguan yang membuat gelisah. Hasilnya, keyakinan kita jauh lebih rapuh ketimbang tulang. Kecerdasan bukanlah obat, dan bahkan bisa menjadi kutukan: semakin pintar, kita semakin buta akan keterbatasan diri sendiri.

Think Again mengungkapkan bahwa kita tidak harus memercayai semua yang kita pikirkan atau menginternalisasi semua yang kita rasakan. Ini adalah undangan untuk melepaskan pandangan yang tidak lagi membantu kita, dan ajakan untuk lebih menghargai fleksibilitas mental ketimbang konsistensi yang bodoh. Jika pengetahuan adalah kekuatan, mengetahui apa yang tidak kita ketahui adalah kebijaksanaan."
80/20 Prinsip Pareto Untuk Mendapatkan Hasil Luar Biasa,Richard Koch,"Prinsip Pareto, atau disebut juga aturan 80/20, yang telah terbukti dalam dunia sains, bisnis, dan ekonomi, menyatakan bahwa 80 persen hasil atau efek disebabkan oleh 20 persen upaya atau kausa. Sekadar contoh, 20 persen pelanggan umumnya berkontribusi pada 80 persen keuntungan perusahaan; 20 persen bintang media mendominasi 80 persen pemberitaan; 20 persen penulis menghasilkan 80 persen buku yang terjual; dan kurang dari 20 persen ilmuwan menghasilkan lebih dari 80 persen terobosan ilmiah.

Prinsip 80/20 yang berlaku dalam semua aspek kehidupan ini sangat mengejutkan sekaligus menakjubkan. Tidak seperti yang kita bayangkan, ada ketimpangan besar antara kausa dan hasil. Sekarang, Pichard Koch, dengan gagasan bahwa aturan 80/20 memungkinkan siapapun mendapatkan hasil luar biasa tanpa usaha yang luar biasa, menunjukkan cara menerapkan prinsip itu dalam hidup kita.

Kita selalu bisa meraih lebih banyak yang kita inginkan dengan lebih sedikit waktu, tenaga, dan kekhawatiran. Gagasan ini, bahwa kita tidak hanya bisa memperbaiki keadaan secara dramatis tetapi juga melakukannya dengan lebih sedikit usaha, sangat revolusioner dan bertentangan dengan pandangan yang selama ini didengungkan, seperti ""no pain, no gain"" atau ""apa pun yang layak dicapai membutuhkan kerja keras"". Mencurahkan waktu pada hal-hal yang paling penting berarti menghilangkan dan mengurangi semua aktivitas yang tidak perlu, kemudian berfokus pada beberapa aktivitas krusial yang memberi Anda keberhasilan dan kebahagiaan terbesar."
Stoik: Apa dan Bagaimana,Massimo Pigliucci,"Bagaimana ajaran kuno Stoik bisa membantu kita bertumbuh pada masa modern? Setiap kali merasa khawatir tentang apa yang akan kita makan, bagaimana kita bisa mencintai seseorang, atau bagaimana cara mencapai kebahagiaan, sebenarnya kita sedang memikirkan cara menjalani hidup yang baik. Stoikisme bisa jadi adalah jawabannya, karena membuat kita memusatkan perhatian pada apa yang mungkin dan memberikan perspektif tentang apa yang tidak penting. Dengan memahami Stoikisme, kita bisa belajar menjawab pertanyaan-pertanyaan penting seperti: Perlukah kita tetap mempertahankan hubungan atau berpisah? Bagaimana sebaiknya kita mengelola uang di dunia yang nyaris hancur karena krisis keuangan? Bagaimana kita bisa bertahan setelah mengalami tragedi pribadi? Stoikisme mengajari kita pentingnya karakter, integritas, dan belas kasih dalam diri seseorang. Buku ini, yang merupakan panduan penting untuk memahaminya, dilengkapi dengan tips praktis dan latihan serta meditasi dan kesadaran akan saat ini dan di sini, memberi gambaran tentang betapa relevannya Stoikisme dalam setiap segi kehidupan kita saat ini."
Leaders Eat Last,Simon Sinek,"Para pemimpin adalah mereka yang maju lebih dulu mengadang bahaya. Mereka mengesampingkan kepentingan diri sendiri demi melindungi kita atau demi membawa kita ke masa depan.

Para pemimpin sigap mengorbankan milik mereka demi menyelamatkan milik kita. Dan mereka tidak akan pernah mengorbankan milik kita untuk menyelamatkan milik mereka.

Itulah arti menjadi pemimpin.

Dalam organisasi yang sukses, para pemimpin hebat menciptakan lingkungan yang memungkinkan orang-orang secara alami bekerja sama untuk melakukan hal-hal luar biasa.

Ketika kita merasa yakin bahwa mereka akan membuat kita aman, kita akan bekerja bahu-membahu di belakang mereka, berkarya tanpa lelah untuk mewujudkan visi mereka, dan dengan bangga mengikuti arah langkah mereka.

Apakah Anda seorang pemimpin?"
Rahasia Magnet Rezeki,Nasrullah,"Dalam buku magnet rezeki, kita akan memiliki sudut pandang bahwa semua adalah “energi”. Manusia adalah energi, handphone adalah energi, buku yang Anda sedang pegang adalah energi, kata-kata yang tersusun adalah energi.

Energi baik, akan bertemu dengan energi baik. Energi tidak baik dalam diri, maka energi baik dari luar tidak akan mendekat. Rezeki adalah energi baik. Maka untuk mendatangkan rezeki caranya sederhana : ciptakan energi baik dalam diri, maka rezeki akan datang dengan sendirinya.

Keluhan, iri hati, dengki, sombong, adalah energi-energi yang tidak baik. Energi seperti itu yang akhirnya membuat rezeki tidak datang.

Kerja keras yang biasa dilakukan oleh manusia pada umumnya adalah kerja keras dalam mencari uang. Pergi pagi pulang malam, jungkir balik ngejar proyek, saling sikat sikut dengan pesaing. Jika kerja sekeras itu dilakukan, tapi energi baik dalam diri tidak diupayakan, bukannya menarik rezeki malah mengusir rezeki.

Kerja keras dalam menciptakan energi baik dalam diri adalah jalan terbaik menciptakan rezeki. Bekerja keras dalam berpikir positif, bekerja keras untuk shalat tepat waktu, kerja keras tilawah qur’an, kerja keras berpuasa, kerja keras membahagiakan orang lain, adalah upaya-upaya yang secara tepat mengundang rezeki.

Saat energi baik sudah terkumpul dalam diri, rezeki otomatis datang. Itulah magnet rezeki. Se-simpel itu.

Buku ini didesain untuk memudahkan Anda meraih keajaiban magnet rezeki. Prinsip-prinsip yang teruji dipadu dengan cerita-cerita keajaiban yang diungkap dari berbagai kisah nyata, menjadikan Anda seperti memiliki sahabat dalam mengarungi kehidupan Anda yang hebat menjadi lebih luar biasa."
How to Win Friends and Influence People in the Digital Age,Dale Carnegie,"Merayakan ulang tahun ke-75 buku laris How to Win Friends & Influence People, hadir adaptasi karya Carnegie yang tak lekang waktu dan disesuaikan dengan era digital:

Karya klasik yang dianggap sebagai buku motivasi paling sukses sepanjang masa dan sudah terjual sebanyak 30 juta eksemplar di seluruh dunia ini telah membawa jutaan pembaca mendaki anak tangga kesuksesan dalam bisnis serta kehidupan pribadi. Sekarang, buku pertama dan terbaik dalam bidangnya ini diperbarui untuk membantu Anda menaklukkan kerumitan masa modern serta akan mengajari Anda cara:

- BERKOMUNIKASI menggunakan DIPLOMASI dan TAKTIK
- Menemukan NUANSA dan NILAI dalam MEDIA ONLINE
- Membuat ORANG MENYUKAI ANDA
- MEMBANGUN dan MEMANFAATKAN JEJARING yang SOLID
- Menjadi PEMBICARA Yang LEBIH PERSUASIF
- MENYAMPAIKAN PESAN Anda dengan LEBIH LUAS dan JELAS
- Menjadi PEMIMPIN yang LEBIH EFEKTIF
- MENGUASAI ERA INTERNET
- MENINGKATKAN KEMAMPUAN MENYELESAIKAN PEKERJAAN
- MEMAKSIMALKAN KEKUATAN SARANA DIGITAL"
Berani Bahagia,Ichiro Kishimi Dan Fumitake Koga,"bagaimana bila satu pilihan sederhana bisa menguak takdir Anda?

Buku yang membuka mata dan mudah dipahami ini memaparkan pengajaran yang kuat dari Alfred Adler, salah satu tokoh besar psikologi abad kesembilan belas, lewat percakapan yang gamblang antara seorang filsuf dan seorang pemuda.

Tiga tahun setelah percakapan pertama mereka, si pemuda merasa kecewa karena mendapati bahwa gagasan Adler hanya bekerja dalam teori, bukan praktik keseharian. Namun, lewat dialog mendalam antara sang filsuf dan pemuda itu, mereka memperdalam pemahaman mereka tentang pengajaran Adler, mempelajari sarana-sarana yang diperlukan untuk menerapkannya dalam kekacauan hidup sehari-hari.

Entah dibaca sendiri atau melengkapi buku bestseller sebelumnya, Berani Tidak Disukai, buku ini mengungkap cara berpikir dan menjalani hidup yang baru dan berani, memberdayakan Anda untuk melepaskan belenggu trauma masa lalu dan ekspektasi orang lain, menggunakan kebebasan ini untuk menciptakan kehidupan yang benar-benar Anda dambakan.

Berani Bahagia akan menyalakan api yang menerangi hidup Anda dan mencerahkan dunia. Temukan keberanian untuk memilih menjadi bahagia."
Almost Adulting: Self-Help Approach to Deal With Quarter-Life Crisis,NADHIRA AFIFA,"“Dengan ribuan opsi karier dan penghargaan yang ada di dunia ini, kenapa saya cuma jadi medioker, ya?”

Memasuki usia 20 tahun, saya mulai dihadapkan dengan berbagai pertanyaan terkait jati diri. Banyak pertanyaan yang menggelisahkan batin: sekian tahun ke belakang, sudah ngapain saja? Mau jadi apa di masa depan? Apa tujuan hidup saya? Will I ever be enough?

Di situlah saya merasa, saya sedang mengalami masa quarter-life crisis—di mana hidup diisi banyak kebingungan karena tidak ada opsi ataupun karena terlalu banyak opsi.

Tujuh tahun berlalu dan kebingungan itu ternyata masih ada. Menariknya, saya mulai bisa menerima bahwa kebingungan ini mungkin akan berlangsung seumur hidup, dan ternyata ini nggak masalah. So maybe after all, we’re not in crisis—we’re in the constant process of finding.

Buku ini adalah salah satu bentuk refleksi dan penenangan diri bagi semua yang sedang mengalami krisis yang sama. Alih-alih berat, di dalamnya banyak topik praktis dan relevan untuk para pembaca."
How To Respect Myself,YOON HONG GYUN,"BAGAIMANA ANDA MENJAGA DAN MENCINTAI DIRI SENDIRI?
Metode Pelatihan Mandiri untuk Harga Diri ala Dokter Kejiwaan dr. Yoon si Penjawab

Selain mengandung 24 latihan untuk meningkatkan kepercayaan diri, buku ini juga terbagi dari tujuh bagian berikut.

Bagian pertama penanganan kesalahpahaman dan prasangka atas harga-diri serta mengajak Anda menyadari pentingnya kepercayaan diri dalam kehidupan.
Bagian dua dan tiga memaparkan penanganan hubungan percintaan, relasi, dan perpisahan yang dapat menurunkan kepercayaan diri.
Bagian empat dan lima merupakan panduan menangani emosi. Dalam bagian-bagian ini disertakan tip dan trik menangani perasaan rendah diri, seperti membenci diri sendiri, depresi, dan kecemasan.
Bagian enam dan tujuh memaparkan berbagai tip praktis, spesifik, dan efektif yang dapat meningkatkan kepercayaan diri.

Setelah membaca buku ini, pada akhirnya Anda akan memiliki perspektif hidup yang berbeda dan mulai mencintai diri sendiri apa adanya. Tak ada lagi kebimbangan dalam memutuskan segala hal dan terpengaruh pendapat atau penilaian orang lain."
Ikigai : Rahasia Hidup Bahagia dan Panjang Umur Orang Jepang,HECTOR GARCIA DAN FRANCESC,"Merasa lelah dengan hidupmu dan ingin lebih bahagia serta panjang umur? Pertama dan utama, jangan percaya omongan motivator! Kesuksesan dan kebahagiaan hidup tak semudah itu. Cobalah resep hidup bahagia orang Jepang yang sudah terbukti ini : Ikigai!

Orang Jepang percaya, setiap manusia memiliki Ikigai-nya sendiri-sendiri, yakni alasan kita hidup di dunia ini. Semacam tugas kehidupan yang membuat kita selalu semangat menjalani hidup, apa pun kondisinya. Maka tak heran, menurut data WHO, Ikigai telah membuat bangsa Jepang masuk dalam deretan manusia dengan rata-rata harapan hidup tertinggi di dunia dan bahagia."
Think and Grow Rich: Cara Para Jutawan dan Miliarder Meraih Kekayaan,Napoleon Hill,"Kekayaan dimulai dengan keadaan pikiran. Jika ingin menjadi pertama-tama kita harus mengubah pikiran agar menjadi, seperti Napoleon Hill menyebutnya, sadar akan uang. la mengatakan bahwa kita harus benar-benar BERPIKIR diri kita sendiri kaya. Istilah kaya bisa berarti segala bentuk kekayaan seperti uang, kebahagiaan, hubungan yang sehat, kesuksesan bisnis, dan lain-lain.

Sukses datang kepada mereka yang menjadi sadar sukses. Kegagalan datang kepada mereka yang dengan acuh tak acuh membiarkan diri mereka menjadi gagal sadar. Think ond Grow Rich akan membantu semua yang mencarinya, untuk mempelajari seni mengubah pikiran mereka dari SADAR KEGAGALAN menjadi SADAR KESUKSESAN.

Sebelum dapat mengumpulkan kekayaan dalam jumlah besar, kita harus menarik pikiran kita dengan keinginan kuat untuk kekayaan, bermimpi, berharap, berangan-angan, MENGINGINKAN, dan MERENCANAKAN sebelum mengumpulkan uang. Kita harus menjadi ""sadar uang"" sampai keinginan terhadap uang mendorong kita membuat rencana pasti untuk memperolehnya. Anda tidak akan pernah bisa mendapatkan kekayaan dalam jumlah besar, KECUALI bisa berupaya MENGINGINKAN uang dengan amat sangat, dan benar-benar PERCAYA bahwa Anda akan memilikinya."
Jika Kita Tak Pernah Jadi Apa-Apa,Alvi Syahrin,"Kau melihat teman-teman dan mereka sudah mendapatkan impian, sementara kau masih termangu menggenggam harapan. Pelan, dalam hati kau berujar, “Kapan mimpiku terwujud?”

Jika Kita Tak Pernah Jadi Apa-Apa

Selama perjalanan mencapai tujuan, adakalanya kau melihat sekeliling… menakar jauh jangkauan. Atau, kau malah membandingkannya dengan orang lain. Lalu, lupa melanjutkan perjalanan.

Jika Kita Tak Pernah Jadi Apa-Apa

Benarkah segala usaha dan upayamu selama ini lebur bersama kecewa yang kau bangun sendiri? Sungguhkah sesuatu yang hanya kau lihat dalam dunia maya menjadikanmu merasa bukan apa-apa?

Jika Kita Tak Pernah Jadi Apa-Apa akan menemanimu selama perjalanan. Buku ini untukmu yang khawatir tentang masa depan. Tenang saja, kau tidak sedang diburu waktu. Bacalah tiap lembarnya dengan penuh kesadaran bahwa hidup adalah tentang sebaik-baiknya berusaha, jatuh lalu bangun lagi, dan tidak berhenti percaya bahwa segala perjuanganmu tidak akan sia-sia. Bukankah sebaiknya apa-apa yang fana tidak selayaknya membuatmu kecewa?"
Seni Menguasai Lawan Bicara,WILLIAM ANDROMEDA,"Hidup harus berjalan dengan harmonis. Relasi di antara sesama manusia harus terjalin sedemikian rupa demi membangun koneksi yang kuat. Dalam hal itu pula, Anda perlu memiliki kemampuan komunikasi yang baik supaya tidak terjadi kesalahpahaman di antara Anda dan orang lain.

Manusia merupakan makhluk sosial. Sebagai makhluk sosial, maka Anda pasti berhubungan dan bekerja sama dengan orang lain. Salah satu bentuk kerja sama dan hubungan tersebut berwujud komunikasi yang dilakukan oleh hampir seluruh makhluk hidup di Bumi.

Dalam komunikasi antarmanusia, Anda berhadapan dengan lawan bicara ketika Anda dan dia membahas suatu kepentingan, persoalan, maupun hal-hal yang ringan. Tentu saja Anda tidak mau sekadar menjadi pendengar. Anda justru harus mampu menguasai keadaan dan menyeimbangkan bahkan menguasai topik percakapan dengan lawan bicara. Dengan kata lain, Anda harus menaklukkan lawan bicara.

Buku ini berisi tentang seni menaklukkan lawan bicara di kehidupan sehari-hari. Di dalamnya terdapat penjelasan tentang sosok, karakter, dan teknik percakapan lawan bicara serta cara Anda untuk menundukkannya. Panduan teknis dan contoh praktiknya disertakan sehingga Anda akan mudah menerapkan konsep-konsep dan berbagai triknya."
Mendaki Tangga yang Salah,Eric Barker,"Sebagian Besar Hal yang kita ketahui tentang Kesuksesan adalah Salah Besar.
Banyak saran yang diberikan kepada kita tentang kesuksesan terdengar masuk akal, serius-dan jelas-jelas salah. Eric Barker mengungkap fakta-fakta luar biasa tentang penentu kesuksesan-yang mungkin sebelumnya tidak kita pikirkan, seperti:
- Mengapa murid paling pintar di sekolah jarang menjadi miliarder dan bagaimana kelemahan terbesar Anda bisa menjadi kekuatan terhebat Anda.
- Apakah orang baik selalu menjadi yang terakhir mencapai garis akhir dan mengapa pelajaran terbaik tentang kerja sama datang dari anggota geng, bajak laut, dan pembunuh berantai.
- Mengapa mencoba meningkatkan kepercayaan diri selalu gagal dan bagaimana filosofi Buddha memberi solusi yang terbaik.
- Bagaimana menemukan keseimbangan hidup dan kerja dengan menggunakan strategi Genghis Khan, kesalahan-kesalahan yang dilakukan Albert Einstein, dan satu pelajaran kecil dari Spider-Man.
Dengan mencermati yang memisahkan kesuksesan yang luar biasa dari yang biasa-biasa saja, kita bisa berhenti menebak-nebak rahasia mencapai kesuksesan dan memulai kehidupan yang Anda inginkan."
Make Time: Cara Fokus pada Hal-Hal Penting Setiap Hari,"JAKE KNAPP, JOHN ZERATSKY","Pernahkah kamu merenung dan bertanya-tanya, “Apa sih yang benar-benar telah kulakukan hari ini?” Pernahkah kamu melamunkan proyek-proyek dan aktivitas yang akan kamu kerjakan “suatu hari nanti”—tetapi saat itu tak pernah datang?

Kita semua mengalami kesulitan meluangkan waktu untuk hal-hal yang sangat penting. Setiap hari kita memulai dengan niat terbaik—tapi kemudian waktu kita ditelan habis oleh rapat beruntun, rantai pesan dan e-mail yang tak pernah berhenti, dan update yang tak pernah berakhir di media sosial. Terkadang letih dan terdistraksi sudah menjadi “keadaan normal” kita. Tetapi, bagaimana jika kita bisa melangkah keluar dari roda putar hamster itu dan mulai memegang kendali atas waktu dan perhatian kita?

Sebagai pencipta Design Sprint-nya Google Ventures, Jake Knapp dan John Zeratsky telah menolong ratusan tim menyelesaikan masalah-masalah penting dengan mendesain ulang jam kerja mereka. Berdasarkan pelajaran-pelajaran dari Design Sprint ini, mereka menghabiskan bertahun-tahun untuk bereksperimen dengan kebiasaan dan rutinitas mereka sendiri, mencari cara untuk mengoptimalkan energi, fokus, dan waktu. Sekarang, mereka telah berhasil mewujudkan taktik-taktik paling efektif ke dalam kerangka kerja
harian yang terdiri dari empat langkah—Sorotan, Laser, Energi, Renungan—yang bisa digunakan oleh setiap orang untuk mendesain jadwal harian secara sistematis.

Make Time bukanlah soal produktivitas atau mencontreng lebih banyak daftar tugas. Buku ini juga tidak mengusulkan solusi yang tak realistis, misalnya membuang smartphone atau menyumpahi media sosial. Make Time menawarkan menu 87 poin taktik yang bisa kamu selaraskan sendiri, antara lain:
• Daftar Hal-Hal yang Mungkin Bisa Dilakukan
• Tidak Memudahkan Diri Sendiri
• Jangan Cek Handphone Sewaktu Bangun Pagi
• Jadikan Piringmu Seperti Alun-alun
• Mengunci Diri di Luar
• ... dan masih banyak lagi

Bacaan wajib bagi setiap orang yang pernah menginginkan lebih dari 24 jam dalam sehari. Buku ini akan membantumu mendesain hidup di seputar hal-hal yang penting bagimu. Kamu bisa “memiliki” hidupmu sendiri, detik demi detik, dari hari ke hari."
Mengapa Kita Tidur: Mengungkap Keampuhan Tidur dan Bermimpi,MATTHEW WALKER,"Tidur adalah salah satu aspek terpenting dalam hidup, kesehatan, dan rentang usia kita. Tapi, masyarakat abad ke-21 sering kali mengabaikannya. Konsekuensinya menghancurkan: setiap penyakit utama di negara maju—Alzheimer, kanker, obesitas, diabetes—memiliki hubungan sebab akibat yang sangat kuat dengan kurangnya tidur. Sampai baru-baru ini, sains tidak memiliki jawaban untuk pertanyaan mengapa kita tidur, atau apa manfaatnya, atau mengapa ketidakhadirannya sangat merusak kesehatan kita. Dibandingkan dengan dorongan dasar lain dalam kehidupan—makan, minum, dan bereproduksi—tujuan tidur tetap sulit dipahami. Dalam buku yang ditulisnya, Profesor Matthew Walker mengeksplorasi dua puluh tahun penelitian mutakhirnya untuk memecahkan misteri mengapa tidur penting. Dengan mengamati semua makhluk dari berbagai penjuru dunia serta melakukan penelitian besar pada manusia, Why We Sleep menyelidiki segala sesuatu mulai dari apa yang sebenarnya terjadi selama tidur REM hingga bagaimana kafein dan alkohol memengaruhi tidur dan mengapa pola tidur kita berubah sepanjang masa, mengubah apresiasi kita terhadap fenomena luar biasa yang melindungi keberadaan kita. “Mengejutkan, penting... —Guardian “Seorang ilmuwan tidur terkemuka berpendapat bahwa tidur lebih penting bagi kesehatan kita daripada diet atau olahraga.” —The Times"
Filosofi Teras,Henry Manampiring,"Lebih dari 2.000 tahun lalu, sebuah mazhab filsafat menemukan akar masalah dan juga solusi dari banyak emosi negatif. Stoisisme, atau Filosofi Teras, adalah filsafat Yunani-Romawi kuno yang bisa membantu kita mengatasi emosi negatif dan menghasilkan mental yang tangguh dalam menghadapi naik-turunnya kehidupan. Jauh dari kesan filsafat sebagai topik berat dan mengawang-awang, Filosofi Teras justru bersifat praktis dan relevan dengan kehidupan Generasi Milenial dan Gen-Z masa kini."